<?xml version="1.0" encoding="UTF-8"?>
<project-private xmlns="http://www.netbeans.org/ns/project-private/1">
    <editor-bookmarks xmlns="http://www.netbeans.org/ns/editor-bookmarks/2" lastBookmarkId="0"/>
    <open-files xmlns="http://www.netbeans.org/ns/projectui-open-files/2">
        <group>
            <file>file:/C:/Users/Admin/Google%20Drive/School/CSCE%20A222/Homework/HW1/01-1/Clubs/src/Staff.java</file>
            <file>file:/C:/Users/Admin/Google%20Drive/School/CSCE%20A222/Homework/HW1/01-1/Clubs/src/Student.java</file>
            <file>file:/C:/Users/Admin/Google%20Drive/School/CSCE%20A222/Homework/HW1/01-1/Clubs/src/main.java</file>
            <file>file:/C:/Users/Admin/Google%20Drive/School/CSCE%20A222/Homework/HW1/01-1/Clubs/src/Faculty.java</file>
            <file>file:/C:/Users/Admin/Google%20Drive/School/CSCE%20A222/Homework/HW1/01-1/Clubs/src/Person.java</file>
            <file>file:/C:/Users/Admin/Google%20Drive/School/CSCE%20A222/Homework/HW1/01-1/Clubs/src/Club.java</file>
        </group>
    </open-files>
</project-private>
