<?xml version="1.0" encoding="UTF-8"?>
<project-private xmlns="http://www.netbeans.org/ns/project-private/1">
    <editor-bookmarks xmlns="http://www.netbeans.org/ns/editor-bookmarks/2" lastBookmarkId="0"/>
    <open-files xmlns="http://www.netbeans.org/ns/projectui-open-files/2">
        <group>
            <file>file:/C:/Users/Admin/Google%20Drive/School/CSCE%20A222/Homework/HW1/01-2/RPGOOP-NB/src/rpgoop/Vampire.java</file>
            <file>file:/C:/Users/Admin/Google%20Drive/School/CSCE%20A222/Homework/HW1/01-2/RPGOOP-NB/src/rpgoop/Zombie.java</file>
            <file>file:/C:/Users/Admin/Google%20Drive/School/CSCE%20A222/Homework/HW1/01-2/RPGOOP-NB/src/rpgoop/Character.java</file>
            <file>file:/C:/Users/Admin/Google%20Drive/School/CSCE%20A222/Homework/HW1/01-2/RPGOOP-NB/src/rpgoop/GrayOoze.java</file>
            <file>file:/C:/Users/Admin/Google%20Drive/School/CSCE%20A222/Homework/HW1/01-2/RPGOOP-NB/src/rpgoop/RPGOOP.java</file>
            <file>file:/C:/Users/Admin/Google%20Drive/School/CSCE%20A222/Homework/HW1/01-2/RPGOOP-NB/src/rpgoop/Player.java</file>
        </group>
    </open-files>
</project-private>
